ZO,Nazwa,WK,GK,Paragraf,PT,NZ,Regon,Typ,GT,NP,P4,PL,Grupa,NO,WW,Dzial,DW,Rozdzial,PK,NA,ZA
,Szkoła Podstawowa Nr 7,10,01,302,0,,001070630,JB,1,,0,10280.00,1300,,9803.89,801,,80101,02,,9803.89
14231.58,Szkoła Podstawowa Nr 7,10,01,401,0,,001070630,JB,1,,0,674540.00,1400,,658989.84,801,,80101,02,,673221.42
48701.67,Szkoła Podstawowa Nr 7,10,01,404,0,,001070630,JB,1,,0,48295.00,1400,,48276.23,801,,80101,02,,48276.23
68617.59,Szkoła Podstawowa Nr 7,10,01,411,0,,001070630,JB,1,,0,475031.00,1400,,435647.68,801,,80101,02,,471238.45
7730.56,Szkoła Podstawowa Nr 7,10,01,412,0,,001070630,JB,1,,0,49145.00,1400,,43456.56,801,,80101,02,,47858.82
124.00,Szkoła Podstawowa Nr 7,10,01,417,0,,001070630,JB,1,,0,12700.00,1400,,10154.20,801,,80101,02,,10278.20
124.00,Szkoła Podstawowa Nr 7,10,01,421,0,,001070630,JB,1,,0,59404.00,1100,,59404.00,801,,80101,02,,59404.00
124.00,Szkoła Podstawowa Nr 7,10,01,424,0,,001070630,JB,1,,0,10490.00,1100,,10489.38,801,,80101,02,,10489.38
44747.59,Szkoła Podstawowa Nr 7,10,01,426,0,,001070630,JB,1,,0,235000.00,1100,,187179.20,801,,80101,02,,231926.79
307.50,Szkoła Podstawowa Nr 7,10,01,427,0,,001070630,JB,1,,0,23000.00,1100,,20359.79,801,,80101,02,,20667.29
307.50,Szkoła Podstawowa Nr 7,10,01,428,0,,001070630,JB,1,,0,5000.00,1100,,4295.00,801,,80101,02,,4295.00
307.50,Szkoła Podstawowa Nr 7,10,01,430,0,,001070630,JB,1,,0,51260.00,1100,,50622.57,801,,80101,02,,50622.57
307.50,Szkoła Podstawowa Nr 7,10,01,436,0,,001070630,JB,1,,0,2620.00,1100,,1774.62,801,,80101,02,,1774.62
307.50,Szkoła Podstawowa Nr 7,10,01,441,0,,001070630,JB,1,,0,2100.00,1100,,99.00,801,,80101,02,,99.00
307.50,Szkoła Podstawowa Nr 7,10,01,444,0,,001070630,JB,1,,0,184388.00,1100,,184388.00,801,,80101,02,,184388.00
307.50,Szkoła Podstawowa Nr 7,10,01,448,0,,001070630,JB,1,,0,310.00,1100,,184388.00,801,,80101,02,,184388.00
307.50,Szkoła Podstawowa Nr 7,10,01,470,0,,001070630,JB,1,,0,4190.00,1100,,2117.00,801,,80101,02,,2117.00
53339.64,Szkoła Podstawowa Nr 7,10,01,479,0,,001070630,JB,1,,0,1870338.00,1400,,1816704.04,801,,80101,02,,1870043.68
143426.66,Szkoła Podstawowa Nr 7,10,01,480,0,,001070630,JB,1,,0,125450.00,1400,,125417.31,801,,80101,02,,125417.31
143426.66,Szkoła Podstawowa Nr 7,10,01,605,0,,001070630,JB,1,,0,50000.00,1600,,49999.99,801,,80101,02,,49999.99
143426.66,Szkoła Podstawowa Nr 7,10,01,606,0,,001070630,JB,1,,0,90000.00,1600,,90000.00,801,,80101,02,,90000.00
3422.25,Szkoła Podstawowa Nr 7,10,01,411,0,,001070630,JB,1,,0,31835.00,1400,,30136.12,801,,80107,02,,31119.07
213.96,Szkoła Podstawowa Nr 7,10,01,412,0,,001070630,JB,1,,0,3120.00,1400,,2581.49,801,,80107,02,,2581.49
213.96,Szkoła Podstawowa Nr 7,10,01,444,0,,001070630,JB,1,,0,8710.00,1100,,8710.00,801,,80107,02,,8710.00
1490.03,Szkoła Podstawowa Nr 7,10,01,479,0,,001070630,JB,1,,0,158910.00,1400,,155207.57,801,,80107,02,,156697.60
14190.10,Szkoła Podstawowa Nr 7,10,01,480,0,,001070630,JB,1,,0,12800.00,1400,,12783.97,801,,80107,02,,12783.97
14190.10,Szkoła Podstawowa Nr 7,10,01,430,0,,001070630,JB,1,,0,4222.00,1100,,2260.00,801,,80146,02,,2260.00
14190.10,Szkoła Podstawowa Nr 7,10,01,470,0,,001070630,JB,1,,0,7038.00,1100,,6990.00,801,,80146,02,,6990.00
14190.10,Szkoła Podstawowa Nr 7,10,01,411,0,,001070630,JB,1,,0,5321.00,1400,,5130.37,801,,80150,02,,5130.37
14190.10,Szkoła Podstawowa Nr 7,10,01,412,0,,001070630,JB,1,,0,680.00,1400,,680.00,801,,80150,02,,680.00
14190.10,Szkoła Podstawowa Nr 7,10,01,471,0,,001070630,JB,1,,0,99.00,1400,,680.00,801,,80150,02,,680.00
14190.10,Szkoła Podstawowa Nr 7,10,01,479,0,,001070630,JB,1,,0,32335.00,1400,,29845.11,801,,80150,02,,29845.11
14190.10,Szkoła Podstawowa Nr 7,10,01,424,0,,001070630,JB,1,,0,31454.28,1100,,31454.28,801,,80153,02,,31454.28
14190.10,Szkoła Podstawowa Nr 7,10,01,324,0,,001070630,JB,1,,0,6448.00,1300,,6448.00,854,,85416,02,,6448.00
,Szkoła Podstawowa Nr 9,10,01,302,0,,001070630,JB,1,,0,17900.00,1300,,17895.92,801,,80101,02,,17895.92
,Szkoła Podstawowa Nr 9,10,01,401,0,,001070630,JB,1,,0,915187.00,1400,,846086.60,801,,80101,02,,846086.60
69096.75,Szkoła Podstawowa Nr 9,10,01,404,0,,001070630,JB,1,,0,60700.00,1400,,60671.87,801,,80101,02,,60671.87
124278.89,Szkoła Podstawowa Nr 9,10,01,411,0,,001070630,JB,1,,0,961912.00,1400,,864745.42,801,,80101,02,,920981.23
13197.42,Szkoła Podstawowa Nr 9,10,01,412,0,,001070630,JB,1,,0,140703.00,1400,,83281.11,801,,80101,02,,90132.15
13197.42,Szkoła Podstawowa Nr 9,10,01,417,0,,001070630,JB,1,,0,7000.00,1400,,83281.11,801,,80101,02,,90132.15
13197.42,Szkoła Podstawowa Nr 9,10,01,421,0,,001070630,JB,1,,0,120630.00,1100,,120628.84,801,,80101,02,,120628.84
13197.42,Szkoła Podstawowa Nr 9,10,01,424,0,,001070630,JB,1,,0,52000.00,1100,,15389.06,801,,80101,02,,15389.06
20468.92,Szkoła Podstawowa Nr 9,10,01,426,0,,001070630,JB,1,,0,414000.00,1100,,273772.28,801,,80101,02,,294241.20
20468.92,Szkoła Podstawowa Nr 9,10,01,427,0,,001070630,JB,1,,0,32497.00,1100,,32276.34,801,,80101,02,,32276.34
20468.92,Szkoła Podstawowa Nr 9,10,01,428,0,,001070630,JB,1,,0,4000.00,1100,,2270.00,801,,80101,02,,2270.00
20468.92,Szkoła Podstawowa Nr 9,10,01,430,0,,001070630,JB,1,,0,148150.00,1100,,148121.32,801,,80101,02,,148121.32
20468.92,Szkoła Podstawowa Nr 9,10,01,436,0,,001070630,JB,1,,0,9200.00,1100,,5310.91,801,,80101,02,,5310.91
20468.92,Szkoła Podstawowa Nr 9,10,01,441,0,,001070630,JB,1,,0,1100.00,1100,,818.45,801,,80101,02,,818.45
20468.92,Szkoła Podstawowa Nr 9,10,01,444,0,,001070630,JB,1,,0,357533.00,1100,,357532.35,801,,80101,02,,357532.35
20468.92,Szkoła Podstawowa Nr 9,10,01,448,0,,001070630,JB,1,,0,1000.00,1100,,143.00,801,,80101,02,,143.00
20468.92,Szkoła Podstawowa Nr 9,10,01,470,0,,001070630,JB,1,,0,4000.00,1100,,3132.00,801,,80101,02,,3132.00
324.70,Szkoła Podstawowa Nr 9,10,01,471,0,,001070630,JB,1,,0,10047.00,1400,,4117.70,801,,80101,02,,4117.70
98805.10,Szkoła Podstawowa Nr 9,10,01,479,0,,001070630,JB,1,,0,4368718.00,1400,,4075893.23,801,,80101,02,,4174698.33
328815.89,Szkoła Podstawowa Nr 9,10,01,480,0,,001070630,JB,1,,0,320200.00,1400,,320109.01,801,,80101,02,,320109.01
328815.89,Szkoła Podstawowa Nr 9,10,01,605,0,,001070630,JB,1,,0,40000.00,1600,,40000.00,801,,80101,02,,40000.00
328815.89,Szkoła Podstawowa Nr 9,10,01,606,0,,001070630,JB,1,,0,222300.00,1600,,222300.00,801,,80101,02,,222300.00
328815.89,Szkoła Podstawowa Nr 9,10,01,302,0,,001070630,JB,1,,0,1000.00,1300,,1000.00,801,,80107,02,,1000.00
8395.23,Szkoła Podstawowa Nr 9,10,01,411,0,,001070630,JB,1,,0,52700.00,1400,,43348.91,801,,80107,02,,47693.41
890.41,Szkoła Podstawowa Nr 9,10,01,412,0,,001070630,JB,1,,0,8000.00,1400,,4534.11,801,,80107,02,,5001.02
890.41,Szkoła Podstawowa Nr 9,10,01,444,0,,001070630,JB,1,,0,17252.00,1100,,17251.11,801,,80107,02,,17251.11
890.41,Szkoła Podstawowa Nr 9,10,01,471,0,,001070630,JB,1,,0,1500.00,1400,,17251.11,801,,80107,02,,17251.11
3349.61,Szkoła Podstawowa Nr 9,10,01,479,0,,001070630,JB,1,,0,286498.00,1400,,276276.57,801,,80107,02,,279626.18
23688.50,Szkoła Podstawowa Nr 9,10,01,480,0,,001070630,JB,1,,0,19500.00,1400,,19431.58,801,,80107,02,,19431.58
23688.50,Szkoła Podstawowa Nr 9,10,01,430,0,,001070630,JB,1,,0,10087.00,1100,,6199.20,801,,80146,02,,6199.20
23688.50,Szkoła Podstawowa Nr 9,10,01,470,0,,001070630,JB,1,,0,16813.00,1100,,16741.00,801,,80146,02,,16741.00
23688.50,Szkoła Podstawowa Nr 9,10,01,302,0,,001070630,JB,1,,0,1100.00,1300,,1057.37,801,,80148,02,,1057.37
2324.69,Szkoła Podstawowa Nr 9,10,01,401,0,,001070630,JB,1,,0,329460.00,1400,,322012.13,801,,80148,02,,324336.82
25089.81,Szkoła Podstawowa Nr 9,10,01,404,0,,001070630,JB,1,,0,21500.00,1400,,21456.70,801,,80148,02,,21456.70
9317.56,Szkoła Podstawowa Nr 9,10,01,411,0,,001070630,JB,1,,0,63100.00,1400,,56530.23,801,,80148,02,,61557.42
660.47,Szkoła Podstawowa Nr 9,10,01,412,0,,001070630,JB,1,,0,8300.00,1400,,4552.81,801,,80148,02,,4882.53
660.47,Szkoła Podstawowa Nr 9,10,01,422,0,,001070630,JB,1,,0,563000.00,1100,,546715.50,801,,80148,02,,546715.50
660.47,Szkoła Podstawowa Nr 9,10,01,428,0,,001070630,JB,1,,0,700.00,1100,,210.00,801,,80148,02,,210.00
660.47,Szkoła Podstawowa Nr 9,10,01,444,0,,001070630,JB,1,,0,12190.00,1100,,12189.57,801,,80148,02,,12189.57
660.47,Szkoła Podstawowa Nr 9,10,01,471,0,,001070630,JB,1,,0,1000.00,1400,,12189.57,801,,80148,02,,12189.57
7651.27,Szkoła Podstawowa Nr 9,10,01,411,0,,001070630,JB,1,,0,96500.00,1400,,96304.68,801,,80150,02,,96304.68
1096.24,Szkoła Podstawowa Nr 9,10,01,412,0,,001070630,JB,1,,0,14500.00,1400,,13771.26,801,,80150,02,,13771.26
1096.24,Szkoła Podstawowa Nr 9,10,01,421,0,,001070630,JB,1,,0,8000.00,1100,,7795.63,801,,80150,02,,7795.63
1096.24,Szkoła Podstawowa Nr 9,10,01,424,0,,001070630,JB,1,,0,4000.00,1100,,3974.44,801,,80150,02,,3974.44
1096.24,Szkoła Podstawowa Nr 9,10,01,479,0,,001070630,JB,1,,0,529100.00,1400,,527865.97,801,,80150,02,,527865.97
44744.33,Szkoła Podstawowa Nr 9,10,01,480,0,,001070630,JB,1,,0,34500.00,1400,,34498.06,801,,80150,02,,34498.06
44744.33,Szkoła Podstawowa Nr 9,10,01,606,0,,001070630,JB,1,,0,10000.00,1600,,10000.00,801,,80150,02,,10000.00
44744.33,Szkoła Podstawowa Nr 9,10,01,424,0,,001070630,JB,1,,0,56768.58,1100,,56768.58,801,,80153,02,,56768.58
44744.33,Szkoła Podstawowa Nr 9,10,01,324,0,,001070630,JB,1,,0,28520.00,1300,,28520.00,854,,85416,02,,28520.00
44744.33,Szkoła Podstawowa Nr 9,10,01,302,0,,001070630,JB,1,,0,2100.00,1300,,597.08,926,,92601,02,,597.08
1349.43,Szkoła Podstawowa Nr 9,10,01,401,0,,001070630,JB,1,,0,251835.00,1400,,234569.67,926,,92601,02,,235919.10
18877.56,Szkoła Podstawowa Nr 9,10,01,404,0,,001070630,JB,1,,0,14900.00,1400,,14866.34,926,,92601,02,,14866.34
5161.83,Szkoła Podstawowa Nr 9,10,01,411,0,,001070630,JB,1,,0,47800.00,1400,,41069.35,926,,92601,02,,43003.13
879.66,Szkoła Podstawowa Nr 9,10,01,412,0,,001070630,JB,1,,0,6800.00,1400,,5790.71,926,,92601,02,,6207.88
879.66,Szkoła Podstawowa Nr 9,10,01,421,0,,001070630,JB,1,,0,7639.00,1100,,2788.30,926,,92601,02,,2788.30
84411.41,Szkoła Podstawowa Nr 9,10,01,426,0,,001070630,JB,1,,0,696000.00,1100,,577308.78,926,,92601,02,,661720.19
1143.72,Szkoła Podstawowa Nr 9,10,01,430,0,,001070630,JB,1,,0,6000.00,1100,,2527.79,926,,92601,02,,3671.51
1143.72,Szkoła Podstawowa Nr 9,10,01,444,0,,001070630,JB,1,,0,8315.00,1100,,8314.85,926,,92601,02,,8314.85
1143.72,Szkoła Podstawowa Nr 9,10,01,471,0,,001070630,JB,1,,0,1000.00,1400,,8314.85,926,,92601,02,,8314.85
,Szkoła Podstawowa Nr 2,10,01,302,0,,368245067,JB,1,,0,11900.00,1300,,10847.83,801,,80101,02,,10847.83
,Szkoła Podstawowa Nr 2,10,01,401,0,,368245067,JB,1,,0,639800.00,1400,,621507.31,801,,80101,02,,621507.31
51911.90,Szkoła Podstawowa Nr 2,10,01,404,0,,368245067,JB,1,,0,47078.00,1400,,47077.32,801,,80101,02,,47077.32
32914.63,Szkoła Podstawowa Nr 2,10,01,411,0,,368245067,JB,1,,0,454283.00,1400,,438156.60,801,,80101,02,,438156.60
3131.59,Szkoła Podstawowa Nr 2,10,01,412,0,,368245067,JB,1,,0,54763.00,1400,,48029.25,801,,80101,02,,48029.25
3131.59,Szkoła Podstawowa Nr 2,10,01,417,0,,368245067,JB,1,,0,5200.00,1400,,48029.25,801,,80101,02,,48029.25
3131.59,Szkoła Podstawowa Nr 2,10,01,421,0,,368245067,JB,1,,0,106010.00,1100,,74213.99,801,,80101,02,,74213.99
3131.59,Szkoła Podstawowa Nr 2,10,01,424,0,,368245067,JB,1,,0,9150.00,1100,,9146.94,801,,80101,02,,9146.94
3131.59,Szkoła Podstawowa Nr 2,10,01,426,0,,368245067,JB,1,,0,241000.00,1100,,228010.58,801,,80101,02,,228010.58
3131.59,Szkoła Podstawowa Nr 2,10,01,427,0,,368245067,JB,1,,0,15600.00,1100,,14753.73,801,,80101,02,,14753.73
3131.59,Szkoła Podstawowa Nr 2,10,01,428,0,,368245067,JB,1,,0,5000.00,1100,,4260.00,801,,80101,02,,4260.00
3131.59,Szkoła Podstawowa Nr 2,10,01,430,0,,368245067,JB,1,,0,73237.00,1100,,71021.49,801,,80101,02,,71021.49
3131.59,Szkoła Podstawowa Nr 2,10,01,436,0,,368245067,JB,1,,0,6800.00,1100,,5262.43,801,,80101,02,,5262.43
3131.59,Szkoła Podstawowa Nr 2,10,01,441,0,,368245067,JB,1,,0,1160.00,1100,,82.60,801,,80101,02,,82.60
3131.59,Szkoła Podstawowa Nr 2,10,01,444,0,,368245067,JB,1,,0,178629.00,1100,,172137.97,801,,80101,02,,172137.97
3131.59,Szkoła Podstawowa Nr 2,10,01,448,0,,368245067,JB,1,,0,316.00,1100,,172137.97,801,,80101,02,,172137.97
3131.59,Szkoła Podstawowa Nr 2,10,01,453,0,,368245067,JB,1,,0,500.00,1100,,172137.97,801,,80101,02,,172137.97
3131.59,Szkoła Podstawowa Nr 2,10,01,470,0,,368245067,JB,1,,0,3187.00,1100,,1105.00,801,,80101,02,,1105.00
241.77,Szkoła Podstawowa Nr 2,10,01,471,0,,368245067,JB,1,,0,3000.00,1400,,2520.57,801,,80101,02,,2520.57
241.77,Szkoła Podstawowa Nr 2,10,01,479,0,,368245067,JB,1,,0,1827606.00,1400,,1742196.34,801,,80101,02,,1742196.34
140570.84,Szkoła Podstawowa Nr 2,10,01,480,0,,368245067,JB,1,,0,130391.00,1400,,130390.69,801,,80101,02,,130390.69
140570.84,Szkoła Podstawowa Nr 2,10,01,606,0,,368245067,JB,1,,0,80100.00,1600,,80100.00,801,,80101,02,,80100.00
1636.45,Szkoła Podstawowa Nr 2,10,01,411,0,,368245067,JB,1,,0,27500.00,1400,,24216.40,801,,80107,02,,24216.40
234.46,Szkoła Podstawowa Nr 2,10,01,412,0,,368245067,JB,1,,0,3500.00,1400,,3102.90,801,,80107,02,,3102.90
234.46,Szkoła Podstawowa Nr 2,10,01,444,0,,368245067,JB,1,,0,6700.00,1100,,6699.46,801,,80107,02,,6699.46
234.46,Szkoła Podstawowa Nr 2,10,01,471,0,,368245067,JB,1,,0,1000.00,1400,,32.85,801,,80107,02,,32.85
234.46,Szkoła Podstawowa Nr 2,10,01,479,0,,368245067,JB,1,,0,123500.00,1400,,113868.44,801,,80107,02,,113868.44
9569.93,Szkoła Podstawowa Nr 2,10,01,480,0,,368245067,JB,1,,0,10333.00,1400,,10332.13,801,,80107,02,,10332.13
9569.93,Szkoła Podstawowa Nr 2,10,01,430,0,,368245067,JB,1,,0,4269.00,1100,,1200.00,801,,80146,02,,1200.00
9569.93,Szkoła Podstawowa Nr 2,10,01,470,0,,368245067,JB,1,,0,7116.00,1100,,7025.20,801,,80146,02,,7025.20
9569.93,Szkoła Podstawowa Nr 2,10,01,302,0,,368245067,JB,1,,0,1900.00,1300,,1714.65,801,,80148,02,,1714.65
9569.93,Szkoła Podstawowa Nr 2,10,01,401,0,,368245067,JB,1,,0,209900.00,1400,,202602.29,801,,80148,02,,202602.29
15249.84,Szkoła Podstawowa Nr 2,10,01,404,0,,368245067,JB,1,,0,14450.00,1400,,14449.55,801,,80148,02,,14449.55
2607.74,Szkoła Podstawowa Nr 2,10,01,411,0,,368245067,JB,1,,0,40700.00,1400,,37585.56,801,,80148,02,,37585.56
284.82,Szkoła Podstawowa Nr 2,10,01,412,0,,368245067,JB,1,,0,6300.00,1400,,4073.29,801,,80148,02,,4073.29
284.82,Szkoła Podstawowa Nr 2,10,01,421,0,,368245067,JB,1,,0,72181.00,1100,,72180.15,801,,80148,02,,72180.15
284.82,Szkoła Podstawowa Nr 2,10,01,422,0,,368245067,JB,1,,0,225000.00,1100,,181849.82,801,,80148,02,,181849.82
284.82,Szkoła Podstawowa Nr 2,10,01,430,0,,368245067,JB,1,,0,14400.00,1100,,14400.00,801,,80148,02,,14400.00
284.82,Szkoła Podstawowa Nr 2,10,01,444,0,,368245067,JB,1,,0,9147.00,1100,,9146.33,801,,80148,02,,9146.33
284.82,Szkoła Podstawowa Nr 2,10,01,471,0,,368245067,JB,1,,0,1000.00,1400,,9146.33,801,,80148,02,,9146.33
1556.99,Szkoła Podstawowa Nr 2,10,01,411,0,,368245067,JB,1,,0,22000.00,1400,,21545.90,801,,80150,02,,21545.90
190.22,Szkoła Podstawowa Nr 2,10,01,412,0,,368245067,JB,1,,0,3000.00,1400,,2807.15,801,,80150,02,,2807.15
190.22,Szkoła Podstawowa Nr 2,10,01,444,0,,368245067,JB,1,,0,8040.00,1100,,8039.35,801,,80150,02,,8039.35
190.22,Szkoła Podstawowa Nr 2,10,01,471,0,,368245067,JB,1,,0,1000.00,1400,,8039.35,801,,80150,02,,8039.35
190.22,Szkoła Podstawowa Nr 2,10,01,479,0,,368245067,JB,1,,0,124515.00,1400,,121353.59,801,,80150,02,,121353.59
9105.16,Szkoła Podstawowa Nr 2,10,01,480,0,,368245067,JB,1,,0,2720.00,1400,,2707.26,801,,80150,02,,2707.26
9105.16,Szkoła Podstawowa Nr 2,10,01,424,0,,368245067,JB,1,,0,28614.96,1100,,28614.96,801,,80153,02,,28614.96
9105.16,Szkoła Podstawowa Nr 2,10,01,324,0,,368245067,JB,1,,0,3472.00,1300,,3472.00,854,,85416,02,,3472.00
,Szkoła Podstawowa Nr 1,10,01,302,0,,000903334,JB,1,,0,23141.00,1300,,20554.76,801,,80101,02,,20554.76
33696.77,Szkoła Podstawowa Nr 1,10,01,401,0,,000903334,JB,1,,0,1139083.00,1400,,1099398.93,801,,80101,02,,1133095.70
82690.46,Szkoła Podstawowa Nr 1,10,01,404,0,,000903334,JB,1,,0,68080.00,1400,,68070.80,801,,80101,02,,68070.80
135838.20,Szkoła Podstawowa Nr 1,10,01,411,0,,000903334,JB,1,,0,1009136.00,1400,,902268.62,801,,80101,02,,967690.16
13018.51,Szkoła Podstawowa Nr 1,10,01,412,0,,000903334,JB,1,,0,109345.00,1400,,80564.57,801,,80101,02,,87811.56
13018.51,Szkoła Podstawowa Nr 1,10,01,417,0,,000903334,JB,1,,0,2000.00,1400,,80564.57,801,,80101,02,,87811.56
13018.51,Szkoła Podstawowa Nr 1,10,01,421,0,,000903334,JB,1,,0,134000.00,1100,,133848.99,801,,80101,02,,133848.99
13018.51,Szkoła Podstawowa Nr 1,10,01,424,0,,000903334,JB,1,,0,51833.00,1100,,51767.80,801,,80101,02,,51767.80
65297.45,Szkoła Podstawowa Nr 1,10,01,426,0,,000903334,JB,1,,0,605462.00,1100,,507128.26,801,,80101,02,,572425.71
307.50,Szkoła Podstawowa Nr 1,10,01,427,0,,000903334,JB,1,,0,75088.00,1100,,74584.86,801,,80101,02,,74892.36
307.50,Szkoła Podstawowa Nr 1,10,01,428,0,,000903334,JB,1,,0,3932.00,1100,,3430.00,801,,80101,02,,3430.00
4179.65,Szkoła Podstawowa Nr 1,10,01,430,0,,000903334,JB,1,,0,112805.00,1100,,100943.28,801,,80101,02,,105122.93
4179.65,Szkoła Podstawowa Nr 1,10,01,436,0,,000903334,JB,1,,0,5876.00,1100,,5527.44,801,,80101,02,,5527.44
4179.65,Szkoła Podstawowa Nr 1,10,01,439,0,,000903334,JB,1,,0,1316.00,1100,,271.79,801,,80101,02,,271.79
4179.65,Szkoła Podstawowa Nr 1,10,01,441,0,,000903334,JB,1,,0,1536.00,1100,,394.46,801,,80101,02,,394.46
4179.65,Szkoła Podstawowa Nr 1,10,01,444,0,,000903334,JB,1,,0,348861.00,1100,,348860.51,801,,80101,02,,348860.51
4179.65,Szkoła Podstawowa Nr 1,10,01,448,0,,000903334,JB,1,,0,828.00,1100,,801.00,801,,80101,02,,801.00
4179.65,Szkoła Podstawowa Nr 1,10,01,453,0,,000903334,JB,1,,0,514.00,1100,,801.00,801,,80101,02,,801.00
4179.65,Szkoła Podstawowa Nr 1,10,01,470,0,,000903334,JB,1,,0,3914.00,1100,,2049.00,801,,80101,02,,2049.00
684.45,Szkoła Podstawowa Nr 1,10,01,471,0,,000903334,JB,1,,0,10000.00,1400,,8606.62,801,,80101,02,,8606.62
98903.92,Szkoła Podstawowa Nr 1,10,01,479,0,,000903334,JB,1,,0,4451916.00,1400,,4182664.81,801,,80101,02,,4281568.73
326946.76,Szkoła Podstawowa Nr 1,10,01,480,0,,000903334,JB,1,,0,295620.00,1400,,295618.46,801,,80101,02,,295618.46
326946.76,Szkoła Podstawowa Nr 1,10,01,605,0,,000903334,JB,1,,0,20000.00,1600,,20000.00,801,,80101,02,,20000.00
326946.76,Szkoła Podstawowa Nr 1,10,01,606,0,,000903334,JB,1,,0,255300.00,1600,,255300.00,801,,80101,02,,255300.00
326946.76,Szkoła Podstawowa Nr 1,10,01,302,0,,000903334,JB,1,,0,644.00,1300,,270.00,801,,80107,02,,270.00
6199.93,Szkoła Podstawowa Nr 1,10,01,411,0,,000903334,JB,1,,0,54594.00,1400,,48698.81,801,,80107,02,,51807.72
530.72,Szkoła Podstawowa Nr 1,10,01,412,0,,000903334,JB,1,,0,4453.00,1400,,3434.50,801,,80107,02,,3695.08
530.72,Szkoła Podstawowa Nr 1,10,01,428,0,,000903334,JB,1,,0,229.00,1100,,50.00,801,,80107,02,,50.00
530.72,Szkoła Podstawowa Nr 1,10,01,444,0,,000903334,JB,1,,0,15074.00,1100,,15073.78,801,,80107,02,,15073.78
530.72,Szkoła Podstawowa Nr 1,10,01,471,0,,000903334,JB,1,,0,200.00,1400,,0.37,801,,80107,02,,0.37
4825.97,Szkoła Podstawowa Nr 1,10,01,479,0,,000903334,JB,1,,0,285310.00,1400,,267084.74,801,,80107,02,,271910.71
17981.56,Szkoła Podstawowa Nr 1,10,01,480,0,,000903334,JB,1,,0,19400.00,1400,,19309.61,801,,80107,02,,19309.61
17981.56,Szkoła Podstawowa Nr 1,10,01,430,0,,000903334,JB,1,,0,14331.00,1100,,2600.00,801,,80146,02,,2600.00
17981.56,Szkoła Podstawowa Nr 1,10,01,470,0,,000903334,JB,1,,0,23886.00,1100,,23882.97,801,,80146,02,,23882.97
17981.56,Szkoła Podstawowa Nr 1,10,01,302,0,,000903334,JB,1,,0,1889.00,1300,,1163.17,801,,80148,02,,1163.17
9095.01,Szkoła Podstawowa Nr 1,10,01,401,0,,000903334,JB,1,,0,315726.00,1400,,305076.08,801,,80148,02,,314171.09
23200.67,Szkoła Podstawowa Nr 1,10,01,404,0,,000903334,JB,1,,0,21170.00,1400,,21162.98,801,,80148,02,,21162.98
10154.65,Szkoła Podstawowa Nr 1,10,01,411,0,,000903334,JB,1,,0,57540.00,1400,,51318.01,801,,80148,02,,57484.46
1071.46,Szkoła Podstawowa Nr 1,10,01,412,0,,000903334,JB,1,,0,7343.00,1400,,5768.79,801,,80148,02,,6406.83
1071.46,Szkoła Podstawowa Nr 1,10,01,421,0,,000903334,JB,1,,0,14255.00,1100,,14249.75,801,,80148,02,,14249.75
1071.46,Szkoła Podstawowa Nr 1,10,01,422,0,,000903334,JB,1,,0,474000.00,1100,,432621.93,801,,80148,02,,432621.93
1071.46,Szkoła Podstawowa Nr 1,10,01,426,0,,000903334,JB,1,,0,1120.00,1100,,495.00,801,,80148,02,,495.00
1071.46,Szkoła Podstawowa Nr 1,10,01,428,0,,000903334,JB,1,,0,449.00,1100,,380.00,801,,80148,02,,380.00
313.20,Szkoła Podstawowa Nr 1,10,01,430,0,,000903334,JB,1,,0,5341.00,1100,,4325.45,801,,80148,02,,4638.65
313.20,Szkoła Podstawowa Nr 1,10,01,444,0,,000903334,JB,1,,0,13304.00,1100,,13303.76,801,,80148,02,,13303.76
313.20,Szkoła Podstawowa Nr 1,10,01,471,0,,000903334,JB,1,,0,200.00,1400,,13303.76,801,,80148,02,,13303.76
31573.20,Szkoła Podstawowa Nr 1,10,01,411,0,,000903334,JB,1,,0,304688.00,1400,,291756.35,801,,80150,02,,301475.29
3937.32,Szkoła Podstawowa Nr 1,10,01,412,0,,000903334,JB,1,,0,39253.00,1400,,36203.78,801,,80150,02,,37784.19
3937.32,Szkoła Podstawowa Nr 1,10,01,421,0,,000903334,JB,1,,0,42223.20,1100,,42223.20,801,,80150,02,,42223.20
3937.32,Szkoła Podstawowa Nr 1,10,01,444,0,,000903334,JB,1,,0,98617.00,1100,,98616.05,801,,80150,02,,98616.05
276.66,Szkoła Podstawowa Nr 1,10,01,471,0,,000903334,JB,1,,0,5424.00,1400,,3677.48,801,,80150,02,,3677.48
20948.49,Szkoła Podstawowa Nr 1,10,01,479,0,,000903334,JB,1,,0,1630306.00,1400,,1594677.88,801,,80150,02,,1615626.37
127133.83,Szkoła Podstawowa Nr 1,10,01,480,0,,000903334,JB,1,,0,155020.00,1400,,154983.52,801,,80150,02,,154983.52
127133.83,Szkoła Podstawowa Nr 1,10,01,424,0,,000903334,JB,1,,0,75791.94,1100,,75791.94,801,,80153,02,,75791.94
127133.83,Szkoła Podstawowa Nr 1,10,01,605,0,,000903334,JB,1,,0,10000.00,1600,,9991.83,801,,80195,02,,9991.83
127133.83,Szkoła Podstawowa Nr 1,10,01,324,0,,000903334,JB,1,,0,18600.00,1300,,18600.00,854,,85416,02,,18600.00
,Szkoła Podstawowa Nr 6,10,01,302,0,,000903280,JB,1,,0,11547.00,1300,,11542.63,801,,80101,02,,11542.63
14284.63,Szkoła Podstawowa Nr 6,10,01,401,0,,000903280,JB,1,,0,740000.00,1400,,689042.44,801,,80101,02,,703327.07
54354.73,Szkoła Podstawowa Nr 6,10,01,404,0,,000903280,JB,1,,0,53200.00,1400,,53169.21,801,,80101,02,,53169.21
94780.59,Szkoła Podstawowa Nr 6,10,01,411,0,,000903280,JB,1,,0,580012.00,1400,,509935.55,801,,80101,02,,556812.05
10096.96,Szkoła Podstawowa Nr 6,10,01,412,0,,000903280,JB,1,,0,64431.00,1400,,49176.72,801,,80101,02,,54470.15
10096.96,Szkoła Podstawowa Nr 6,10,01,417,0,,000903280,JB,1,,0,6.00,1400,,49176.72,801,,80101,02,,54470.15
10096.96,Szkoła Podstawowa Nr 6,10,01,421,0,,000903280,JB,1,,0,94107.00,1100,,58956.13,801,,80101,02,,58956.13
10096.96,Szkoła Podstawowa Nr 6,10,01,424,0,,000903280,JB,1,,0,19129.00,1100,,19125.60,801,,80101,02,,19125.60
10096.96,Szkoła Podstawowa Nr 6,10,01,426,0,,000903280,JB,1,,0,401300.00,1100,,395155.80,801,,80101,02,,395155.80
10096.96,Szkoła Podstawowa Nr 6,10,01,427,0,,000903280,JB,1,,0,7808.00,1100,,7798.20,801,,80101,02,,7798.20
10096.96,Szkoła Podstawowa Nr 6,10,01,428,0,,000903280,JB,1,,0,4523.00,1100,,4384.00,801,,80101,02,,4384.00
10096.96,Szkoła Podstawowa Nr 6,10,01,430,0,,000903280,JB,1,,0,83514.00,1100,,79459.16,801,,80101,02,,79459.16
10096.96,Szkoła Podstawowa Nr 6,10,01,436,0,,000903280,JB,1,,0,3084.00,1100,,2784.34,801,,80101,02,,2784.34
10096.96,Szkoła Podstawowa Nr 6,10,01,441,0,,000903280,JB,1,,0,689.00,1100,,329.40,801,,80101,02,,329.40
10096.96,Szkoła Podstawowa Nr 6,10,01,444,0,,000903280,JB,1,,0,204094.00,1100,,204094.00,801,,80101,02,,204094.00
10096.96,Szkoła Podstawowa Nr 6,10,01,470,0,,000903280,JB,1,,0,1506.00,1100,,1478.00,801,,80101,02,,1478.00
392.74,Szkoła Podstawowa Nr 6,10,01,471,0,,000903280,JB,1,,0,6000.00,1400,,5085.74,801,,80101,02,,5085.74
64557.52,Szkoła Podstawowa Nr 6,10,01,479,0,,000903280,JB,1,,0,2315317.00,1400,,2210018.08,801,,80101,02,,2274575.60
224319.25,Szkoła Podstawowa Nr 6,10,01,480,0,,000903280,JB,1,,0,217000.00,1400,,216934.39,801,,80101,02,,216934.39
224319.25,Szkoła Podstawowa Nr 6,10,01,605,0,,000903280,JB,1,,0,15000.00,1600,,14991.05,801,,80101,02,,14991.05
224319.25,Szkoła Podstawowa Nr 6,10,01,606,0,,000903280,JB,1,,0,139200.00,1600,,139200.00,801,,80101,02,,139200.00
6390.73,Szkoła Podstawowa Nr 6,10,01,411,0,,000903280,JB,1,,0,43000.00,1400,,37201.98,801,,80107,02,,40598.48
655.95,Szkoła Podstawowa Nr 6,10,01,412,0,,000903280,JB,1,,0,6000.00,1400,,4329.82,801,,80107,02,,4652.89
655.95,Szkoła Podstawowa Nr 6,10,01,444,0,,000903280,JB,1,,0,13164.00,1100,,13164.00,801,,80107,02,,13164.00
655.95,Szkoła Podstawowa Nr 6,10,01,471,0,,000903280,JB,1,,0,90.00,1400,,24.41,801,,80107,02,,24.41
6555.14,Szkoła Podstawowa Nr 6,10,01,479,0,,000903280,JB,1,,0,249000.00,1400,,234690.07,801,,80107,02,,241245.21
17418.33,Szkoła Podstawowa Nr 6,10,01,480,0,,000903280,JB,1,,0,16450.00,1400,,16449.30,801,,80107,02,,16449.30
17418.33,Szkoła Podstawowa Nr 6,10,01,430,0,,000903280,JB,1,,0,7021.00,1100,,16449.30,801,,80146,02,,16449.30
17418.33,Szkoła Podstawowa Nr 6,10,01,470,0,,000903280,JB,1,,0,11702.00,1100,,11702.00,801,,80146,02,,11702.00
17418.33,Szkoła Podstawowa Nr 6,10,01,302,0,,000903280,JB,1,,0,1945.00,1300,,1934.89,801,,80148,02,,1934.89
5014.21,Szkoła Podstawowa Nr 6,10,01,401,0,,000903280,JB,1,,0,229000.00,1400,,218259.81,801,,80148,02,,223274.02
15632.76,Szkoła Podstawowa Nr 6,10,01,404,0,,000903280,JB,1,,0,17700.00,1400,,17668.16,801,,80148,02,,17668.16
6286.13,Szkoła Podstawowa Nr 6,10,01,411,0,,000903280,JB,1,,0,46000.00,1400,,39707.84,801,,80148,02,,43306.72
690.48,Szkoła Podstawowa Nr 6,10,01,412,0,,000903280,JB,1,,0,6400.00,1400,,4381.41,801,,80148,02,,4788.00
690.48,Szkoła Podstawowa Nr 6,10,01,422,0,,000903280,JB,1,,0,220000.00,1100,,216143.59,801,,80148,02,,216143.59
690.48,Szkoła Podstawowa Nr 6,10,01,428,0,,000903280,JB,1,,0,303.00,1100,,237.00,801,,80148,02,,237.00
690.48,Szkoła Podstawowa Nr 6,10,01,444,0,,000903280,JB,1,,0,7350.00,1100,,7350.00,801,,80148,02,,7350.00
690.48,Szkoła Podstawowa Nr 6,10,01,471,0,,000903280,JB,1,,0,70.00,1400,,7350.00,801,,80148,02,,7350.00
2297.71,Szkoła Podstawowa Nr 6,10,01,411,0,,000903280,JB,1,,0,111360.00,1400,,109062.29,801,,80150,02,,111360.00
320.42,Szkoła Podstawowa Nr 6,10,01,412,0,,000903280,JB,1,,0,15850.00,1400,,15529.58,801,,80150,02,,15850.00
320.42,Szkoła Podstawowa Nr 6,10,01,421,0,,000903280,JB,1,,0,43750.00,1100,,43750.00,801,,80150,02,,43750.00
320.42,Szkoła Podstawowa Nr 6,10,01,471,0,,000903280,JB,1,,0,30.00,1400,,43750.00,801,,80150,02,,43750.00
3706.84,Szkoła Podstawowa Nr 6,10,01,479,0,,000903280,JB,1,,0,601500.00,1400,,597793.16,801,,80150,02,,601500.00
3706.84,Szkoła Podstawowa Nr 6,10,01,424,0,,000903280,JB,1,,0,36367.69,1100,,36367.69,801,,80153,02,,36367.69
3706.84,Szkoła Podstawowa Nr 6,10,01,324,0,,000903280,JB,1,,0,4960.00,1300,,4960.00,854,,85416,02,,4960.00
,Szkoła Podstawowa Nr 5,10,01,302,0,,000903297,JB,1,,0,11400.00,1300,,11346.38,801,,80101,02,,11346.38
13777.14,Szkoła Podstawowa Nr 5,10,01,401,0,,000903297,JB,1,,0,640000.00,1400,,614798.45,801,,80101,02,,628575.59
41125.90,Szkoła Podstawowa Nr 5,10,01,404,0,,000903297,JB,1,,0,33200.00,1400,,33133.65,801,,80101,02,,33133.65
59990.43,Szkoła Podstawowa Nr 5,10,01,411,0,,000903297,JB,1,,0,419789.00,1400,,389258.45,801,,80101,02,,418597.57
7213.15,Szkoła Podstawowa Nr 5,10,01,412,0,,000903297,JB,1,,0,65178.00,1400,,40411.59,801,,80101,02,,44638.57
1205.20,Szkoła Podstawowa Nr 5,10,01,417,0,,000903297,JB,1,,0,73000.00,1400,,69679.40,801,,80101,02,,70884.60
1205.20,Szkoła Podstawowa Nr 5,10,01,421,0,,000903297,JB,1,,0,95607.00,1100,,50352.41,801,,80101,02,,50352.41
1205.20,Szkoła Podstawowa Nr 5,10,01,424,0,,000903297,JB,1,,0,25000.00,1100,,25000.00,801,,80101,02,,25000.00
1205.20,Szkoła Podstawowa Nr 5,10,01,426,0,,000903297,JB,1,,0,161000.00,1100,,154144.85,801,,80101,02,,154144.85
1205.20,Szkoła Podstawowa Nr 5,10,01,427,0,,000903297,JB,1,,0,700.00,1100,,645.48,801,,80101,02,,645.48
1205.20,Szkoła Podstawowa Nr 5,10,01,428,0,,000903297,JB,1,,0,5643.00,1100,,4070.00,801,,80101,02,,4070.00
1205.20,Szkoła Podstawowa Nr 5,10,01,430,0,,000903297,JB,1,,0,58000.00,1100,,57704.96,801,,80101,02,,57704.96
1205.20,Szkoła Podstawowa Nr 5,10,01,436,0,,000903297,JB,1,,0,3000.00,1100,,2411.98,801,,80101,02,,2411.98
1205.20,Szkoła Podstawowa Nr 5,10,01,441,0,,000903297,JB,1,,0,2000.00,1100,,47.60,801,,80101,02,,47.60
1205.20,Szkoła Podstawowa Nr 5,10,01,444,0,,000903297,JB,1,,0,181846.00,1100,,172868.00,801,,80101,02,,172868.00
1205.20,Szkoła Podstawowa Nr 5,10,01,470,0,,000903297,JB,1,,0,4000.00,1100,,4000.00,801,,80101,02,,4000.00
15.17,Szkoła Podstawowa Nr 5,10,01,471,0,,000903297,JB,1,,0,250.00,1400,,245.01,801,,80101,02,,245.01
49814.57,Szkoła Podstawowa Nr 5,10,01,479,0,,000903297,JB,1,,0,1747603.00,1400,,1679254.84,801,,80101,02,,1729069.41
138121.47,Szkoła Podstawowa Nr 5,10,01,480,0,,000903297,JB,1,,0,134500.00,1400,,134500.00,801,,80101,02,,134500.00
138121.47,Szkoła Podstawowa Nr 5,10,01,606,0,,000903297,JB,1,,0,76500.00,1600,,73500.00,801,,80101,02,,73500.00
2563.50,Szkoła Podstawowa Nr 5,10,01,411,0,,000903297,JB,1,,0,21600.00,1400,,18140.07,801,,80107,02,,19886.51
303.95,Szkoła Podstawowa Nr 5,10,01,412,0,,000903297,JB,1,,0,2800.00,1400,,1792.94,801,,80107,02,,1979.83
303.95,Szkoła Podstawowa Nr 5,10,01,421,0,,000903297,JB,1,,0,5000.00,1100,,5000.00,801,,80107,02,,5000.00
303.95,Szkoła Podstawowa Nr 5,10,01,444,0,,000903297,JB,1,,0,7437.00,1100,,6700.00,801,,80107,02,,6700.00
3222.33,Szkoła Podstawowa Nr 5,10,01,479,0,,000903297,JB,1,,0,125000.00,1400,,111758.71,801,,80107,02,,114981.04
4778.10,Szkoła Podstawowa Nr 5,10,01,480,0,,000903297,JB,1,,0,12700.00,1400,,1320.52,801,,80107,02,,1320.52
4778.10,Szkoła Podstawowa Nr 5,10,01,430,0,,000903297,JB,1,,0,4227.00,1100,,1040.00,801,,80146,02,,1040.00
4778.10,Szkoła Podstawowa Nr 5,10,01,470,0,,000903297,JB,1,,0,7045.00,1100,,7045.00,801,,80146,02,,7045.00
4778.10,Szkoła Podstawowa Nr 5,10,01,302,0,,000903297,JB,1,,0,1891.00,1300,,751.84,801,,80148,02,,751.84
2172.76,Szkoła Podstawowa Nr 5,10,01,401,0,,000903297,JB,1,,0,180480.00,1400,,178047.76,801,,80148,02,,180220.52
14153.56,Szkoła Podstawowa Nr 5,10,01,404,0,,000903297,JB,1,,0,12520.00,1400,,12513.45,801,,80148,02,,12513.45
4691.13,Szkoła Podstawowa Nr 5,10,01,411,0,,000903297,JB,1,,0,35500.00,1400,,31873.03,801,,80148,02,,34143.90
505.01,Szkoła Podstawowa Nr 5,10,01,412,0,,000903297,JB,1,,0,6000.00,1400,,3617.77,801,,80148,02,,3868.98
505.01,Szkoła Podstawowa Nr 5,10,01,421,0,,000903297,JB,1,,0,3000.00,1100,,2994.99,801,,80148,02,,2994.99
505.01,Szkoła Podstawowa Nr 5,10,01,422,0,,000903297,JB,1,,0,128700.00,1100,,127387.54,801,,80148,02,,127387.54
505.01,Szkoła Podstawowa Nr 5,10,01,444,0,,000903297,JB,1,,0,6652.00,1100,,6651.88,801,,80148,02,,6651.88
505.01,Szkoła Podstawowa Nr 5,10,01,424,0,,000903297,JB,1,,0,25958.79,1100,,25958.79,801,,80153,02,,25958.79
505.01,Szkoła Podstawowa Nr 5,10,01,324,0,,000903297,JB,1,,0,5208.00,1300,,5208.00,854,,85416,02,,5208.00
,Szkoła Podstawowa Nr 4,10,01,302,0,,000903305,JB,1,,0,7739.00,1300,,6491.26,801,,80101,02,,6491.26
11079.77,Szkoła Podstawowa Nr 4,10,01,401,0,,000903305,JB,1,,0,499644.00,1400,,455758.85,801,,80101,02,,466838.62
36970.91,Szkoła Podstawowa Nr 4,10,01,404,0,,000903305,JB,1,,0,35510.00,1400,,35509.41,801,,80101,02,,35509.41
58221.90,Szkoła Podstawowa Nr 4,10,01,411,0,,000903305,JB,1,,0,387401.00,1400,,332194.11,801,,80101,02,,362293.91
6147.31,Szkoła Podstawowa Nr 4,10,01,412,0,,000903305,JB,1,,0,47633.00,1400,,39340.07,801,,80101,02,,42512.52
6147.31,Szkoła Podstawowa Nr 4,10,01,414,0,,000903305,JB,1,,0,5140.00,1100,,1792.00,801,,80101,02,,1792.00
6147.31,Szkoła Podstawowa Nr 4,10,01,417,0,,000903305,JB,1,,0,5000.00,1400,,1792.00,801,,80101,02,,1792.00
6147.31,Szkoła Podstawowa Nr 4,10,01,421,0,,000903305,JB,1,,0,81637.00,1100,,46837.74,801,,80101,02,,46837.74
6147.31,Szkoła Podstawowa Nr 4,10,01,424,0,,000903305,JB,1,,0,52786.00,1100,,3568.17,801,,80101,02,,3568.17
6147.31,Szkoła Podstawowa Nr 4,10,01,426,0,,000903305,JB,1,,0,170040.00,1100,,162467.46,801,,80101,02,,162467.46
6147.31,Szkoła Podstawowa Nr 4,10,01,427,0,,000903305,JB,1,,0,10800.00,1100,,10365.51,801,,80101,02,,10365.51
6147.31,Szkoła Podstawowa Nr 4,10,01,428,0,,000903305,JB,1,,0,1460.00,1100,,960.00,801,,80101,02,,960.00
6147.31,Szkoła Podstawowa Nr 4,10,01,430,0,,000903305,JB,1,,0,57802.00,1100,,55476.83,801,,80101,02,,55476.83
6147.31,Szkoła Podstawowa Nr 4,10,01,436,0,,000903305,JB,1,,0,4638.00,1100,,2811.30,801,,80101,02,,2811.30
6147.31,Szkoła Podstawowa Nr 4,10,01,441,0,,000903305,JB,1,,0,1254.00,1100,,564.60,801,,80101,02,,564.60
6147.31,Szkoła Podstawowa Nr 4,10,01,444,0,,000903305,JB,1,,0,150519.00,1100,,150518.06,801,,80101,02,,150518.06
6147.31,Szkoła Podstawowa Nr 4,10,01,470,0,,000903305,JB,1,,0,1604.00,1100,,872.10,801,,80101,02,,872.10
89.11,Szkoła Podstawowa Nr 4,10,01,471,0,,000903305,JB,1,,0,12137.00,1400,,1128.60,801,,80101,02,,1128.60
37319.63,Szkoła Podstawowa Nr 4,10,01,479,0,,000903305,JB,1,,0,1613022.00,1400,,1483319.99,801,,80101,02,,1520639.62
127485.96,Szkoła Podstawowa Nr 4,10,01,480,0,,000903305,JB,1,,0,122337.00,1400,,122336.97,801,,80101,02,,122336.97
127485.96,Szkoła Podstawowa Nr 4,10,01,605,0,,000903305,JB,1,,0,122337.00,1600,,122336.97,801,,80101,02,,122336.97
127485.96,Szkoła Podstawowa Nr 4,10,01,606,0,,000903305,JB,1,,0,72000.00,1600,,72000.00,801,,80101,02,,72000.00
3847.21,Szkoła Podstawowa Nr 4,10,01,411,0,,000903305,JB,1,,0,25013.00,1400,,21047.87,801,,80107,02,,23118.21
75.70,Szkoła Podstawowa Nr 4,10,01,412,0,,000903305,JB,1,,0,1330.00,1400,,563.55,801,,80107,02,,595.06
75.70,Szkoła Podstawowa Nr 4,10,01,444,0,,000903305,JB,1,,0,7102.00,1100,,7101.43,801,,80107,02,,7101.43
50.63,Szkoła Podstawowa Nr 4,10,01,471,0,,000903305,JB,1,,0,1277.00,1400,,646.50,801,,80107,02,,646.50
3112.47,Szkoła Podstawowa Nr 4,10,01,479,0,,000903305,JB,1,,0,140947.00,1400,,126781.43,801,,80107,02,,129893.90
10391.10,Szkoła Podstawowa Nr 4,10,01,480,0,,000903305,JB,1,,0,9163.00,1400,,9162.18,801,,80107,02,,9162.18
10391.10,Szkoła Podstawowa Nr 4,10,01,430,0,,000903305,JB,1,,0,3797.00,1100,,860.00,801,,80146,02,,860.00
10391.10,Szkoła Podstawowa Nr 4,10,01,470,0,,000903305,JB,1,,0,6328.00,1100,,6279.00,801,,80146,02,,6279.00
10391.10,Szkoła Podstawowa Nr 4,10,01,302,0,,000903305,JB,1,,0,617.00,1300,,96.36,801,,80148,02,,96.36
2684.91,Szkoła Podstawowa Nr 4,10,01,401,0,,000903305,JB,1,,0,137840.00,1400,,125046.58,801,,80148,02,,127731.49
11229.83,Szkoła Podstawowa Nr 4,10,01,404,0,,000903305,JB,1,,0,10385.00,1400,,10384.49,801,,80148,02,,10384.49
3894.11,Szkoła Podstawowa Nr 4,10,01,411,0,,000903305,JB,1,,0,26359.00,1400,,22843.40,801,,80148,02,,24817.21
557.91,Szkoła Podstawowa Nr 4,10,01,412,0,,000903305,JB,1,,0,3777.00,1400,,3272.83,801,,80148,02,,3555.62
557.91,Szkoła Podstawowa Nr 4,10,01,421,0,,000903305,JB,1,,0,64000.00,1100,,64000.00,801,,80148,02,,64000.00
557.91,Szkoła Podstawowa Nr 4,10,01,422,0,,000903305,JB,1,,0,75000.00,1100,,74987.27,801,,80148,02,,74987.27
557.91,Szkoła Podstawowa Nr 4,10,01,426,0,,000903305,JB,1,,0,75000.00,1100,,74987.27,801,,80148,02,,74987.27
557.91,Szkoła Podstawowa Nr 4,10,01,428,0,,000903305,JB,1,,0,226.00,1100,,170.00,801,,80148,02,,170.00
557.91,Szkoła Podstawowa Nr 4,10,01,430,0,,000903305,JB,1,,0,16000.00,1100,,16000.00,801,,80148,02,,16000.00
557.91,Szkoła Podstawowa Nr 4,10,01,444,0,,000903305,JB,1,,0,4989.00,1100,,4988.91,801,,80148,02,,4988.91
557.91,Szkoła Podstawowa Nr 4,10,01,471,0,,000903305,JB,1,,0,204.00,1400,,4988.91,801,,80148,02,,4988.91
557.91,Szkoła Podstawowa Nr 4,10,01,411,0,,000903305,JB,1,,0,2500.00,1400,,2171.79,801,,80150,02,,2171.79
557.91,Szkoła Podstawowa Nr 4,10,01,412,0,,000903305,JB,1,,0,500.00,1400,,311.20,801,,80150,02,,311.20
557.91,Szkoła Podstawowa Nr 4,10,01,479,0,,000903305,JB,1,,0,15000.00,1400,,11324.87,801,,80150,02,,11324.87
557.91,Szkoła Podstawowa Nr 4,10,01,424,0,,000903305,JB,1,,0,21675.06,1100,,21675.06,801,,80153,02,,21675.06
557.91,Szkoła Podstawowa Nr 4,10,01,324,0,,000903305,JB,1,,0,1736.00,1300,,1736.00,854,,85416,02,,1736.00
